CREATE DATABASE  IF NOT EXISTS `isicomputerparts` /*!40100 DEFAULT CHARACTER SET utf8mb4 COLLATE utf8mb4_0900_ai_ci */ /*!80016 DEFAULT ENCRYPTION='N' */;
USE `isicomputerparts`;
-- MySQL dump 10.13  Distrib 8.0.16, for Win64 (x86_64)
--
-- Host: localhost    Database: isicomputerparts
-- ------------------------------------------------------
-- Server version	8.0.16

/*!40101 SET @OLD_CHARACTER_SET_CLIENT=@@CHARACTER_SET_CLIENT */;
/*!40101 SET @OLD_CHARACTER_SET_RESULTS=@@CHARACTER_SET_RESULTS */;
/*!40101 SET @OLD_COLLATION_CONNECTION=@@COLLATION_CONNECTION */;
 SET NAMES utf8 ;
/*!40103 SET @OLD_TIME_ZONE=@@TIME_ZONE */;
/*!40103 SET TIME_ZONE='+00:00' */;
/*!40014 SET @OLD_UNIQUE_CHECKS=@@UNIQUE_CHECKS, UNIQUE_CHECKS=0 */;
/*!40014 SET @OLD_FOREIGN_KEY_CHECKS=@@FOREIGN_KEY_CHECKS, FOREIGN_KEY_CHECKS=0 */;
/*!40101 SET @OLD_SQL_MODE=@@SQL_MODE, SQL_MODE='NO_AUTO_VALUE_ON_ZERO' */;
/*!40111 SET @OLD_SQL_NOTES=@@SQL_NOTES, SQL_NOTES=0 */;

--
-- Table structure for table `categorie`
--

DROP TABLE IF EXISTS `categorie`;
/*!40101 SET @saved_cs_client     = @@character_set_client */;
 SET character_set_client = utf8mb4 ;
CREATE TABLE `categorie` (
  `idCategorie` int(11) NOT NULL AUTO_INCREMENT,
  `Nom` varchar(45) DEFAULT NULL,
  PRIMARY KEY (`idCategorie`)
) ENGINE=InnoDB AUTO_INCREMENT=9 DEFAULT CHARSET=utf8mb4 COLLATE=utf8mb4_0900_ai_ci;
/*!40101 SET character_set_client = @saved_cs_client */;

--
-- Dumping data for table `categorie`
--

LOCK TABLES `categorie` WRITE;
/*!40000 ALTER TABLE `categorie` DISABLE KEYS */;
INSERT INTO `categorie` VALUES (1,'Carte mere'),(2,'Memoire Vive'),(4,'Carte Graphique'),(5,'Microprocesseur'),(6,'Disque SSD'),(7,'Disque Dur'),(8,'Boitier');
/*!40000 ALTER TABLE `categorie` ENABLE KEYS */;
UNLOCK TABLES;

--
-- Table structure for table `commande`
--

DROP TABLE IF EXISTS `commande`;
/*!40101 SET @saved_cs_client     = @@character_set_client */;
 SET character_set_client = utf8mb4 ;
CREATE TABLE `commande` (
  `idVente` int(11) NOT NULL,
  `idProduit` int(11) NOT NULL,
  `qty` int(11) NOT NULL,
  PRIMARY KEY (`idVente`,`idProduit`),
  KEY `idProduit_idx` (`idProduit`),
  KEY `idVente_idx` (`idVente`),
  CONSTRAINT `idProduit` FOREIGN KEY (`idProduit`) REFERENCES `produit` (`idProduit`),
  CONSTRAINT `idVente` FOREIGN KEY (`idVente`) REFERENCES `vente` (`idVente`)
) ENGINE=InnoDB DEFAULT CHARSET=utf8mb4 COLLATE=utf8mb4_0900_ai_ci;
/*!40101 SET character_set_client = @saved_cs_client */;

--
-- Dumping data for table `commande`
--

LOCK TABLES `commande` WRITE;
/*!40000 ALTER TABLE `commande` DISABLE KEYS */;
INSERT INTO `commande` VALUES (1,7,1),(1,41,2),(1,59,3),(2,19,1),(2,20,3);
/*!40000 ALTER TABLE `commande` ENABLE KEYS */;
UNLOCK TABLES;

--
-- Table structure for table `compte`
--

DROP TABLE IF EXISTS `compte`;
/*!40101 SET @saved_cs_client     = @@character_set_client */;
 SET character_set_client = utf8mb4 ;
CREATE TABLE `compte` (
  `idCompte` int(11) NOT NULL AUTO_INCREMENT,
  `pseudo` varchar(20) NOT NULL,
  `mdp` varchar(20) NOT NULL,
  `email` varchar(45) NOT NULL,
  `nom` varchar(45) NOT NULL,
  `prenom` varchar(45) NOT NULL,
  `admin` tinyint(4) DEFAULT NULL,
  PRIMARY KEY (`idCompte`)
) ENGINE=InnoDB AUTO_INCREMENT=7 DEFAULT CHARSET=utf8mb4 COLLATE=utf8mb4_0900_ai_ci;
/*!40101 SET character_set_client = @saved_cs_client */;

--
-- Dumping data for table `compte`
--

LOCK TABLES `compte` WRITE;
/*!40000 ALTER TABLE `compte` DISABLE KEYS */;
INSERT INTO `compte` VALUES (1,'zammorrak','abc123...','jean-philippe-brien@hotmail.com','brien','jean philippe',1),(4,'monCompte','abc123...','jean-philippe-brien@hotmail.com','brien','jean philippe',0),(5,'monCompte2','abc123...','jean-philippe-brien@hotmail.com','bob','marc antoine',0),(6,'monCompte3','abc123...','jean-philippe-brien@hotmail.com','brien','jean philippe',1);
/*!40000 ALTER TABLE `compte` ENABLE KEYS */;
UNLOCK TABLES;

--
-- Table structure for table `fabricant`
--

DROP TABLE IF EXISTS `fabricant`;
/*!40101 SET @saved_cs_client     = @@character_set_client */;
 SET character_set_client = utf8mb4 ;
CREATE TABLE `fabricant` (
  `idFabricant` int(11) NOT NULL AUTO_INCREMENT,
  `nom` varchar(45) NOT NULL,
  PRIMARY KEY (`idFabricant`)
) ENGINE=InnoDB AUTO_INCREMENT=14 DEFAULT CHARSET=utf8mb4 COLLATE=utf8mb4_0900_ai_ci;
/*!40101 SET character_set_client = @saved_cs_client */;

--
-- Dumping data for table `fabricant`
--

LOCK TABLES `fabricant` WRITE;
/*!40000 ALTER TABLE `fabricant` DISABLE KEYS */;
INSERT INTO `fabricant` VALUES (1,'MSI'),(2,'Intel'),(3,'AMD'),(4,'Kingston'),(5,'GIGABYTE'),(6,'ASUS'),(7,'NVIDIA'),(8,'Acer'),(9,'Samsung'),(10,'Corsair'),(11,'G.SKILL'),(12,'Western Digital'),(13,'Seagate');
/*!40000 ALTER TABLE `fabricant` ENABLE KEYS */;
UNLOCK TABLES;

--
-- Table structure for table `produit`
--

DROP TABLE IF EXISTS `produit`;
/*!40101 SET @saved_cs_client     = @@character_set_client */;
 SET character_set_client = utf8mb4 ;
CREATE TABLE `produit` (
  `idProduit` int(11) NOT NULL AUTO_INCREMENT,
  `idFabricant` int(11) NOT NULL,
  `idCategorie` int(11) NOT NULL,
  `prix` float NOT NULL,
  `nom` varchar(150) NOT NULL,
  `description` varchar(1000) NOT NULL,
  `titre` varchar(45) NOT NULL,
  PRIMARY KEY (`idProduit`),
  KEY `idFabricant_idx` (`idFabricant`),
  KEY `idCategorie_idx` (`idCategorie`),
  CONSTRAINT `idCategorie` FOREIGN KEY (`idCategorie`) REFERENCES `categorie` (`idCategorie`),
  CONSTRAINT `idFabricant` FOREIGN KEY (`idFabricant`) REFERENCES `fabricant` (`idFabricant`)
) ENGINE=InnoDB AUTO_INCREMENT=63 DEFAULT CHARSET=utf8mb4 COLLATE=utf8mb4_0900_ai_ci;
/*!40101 SET character_set_client = @saved_cs_client */;

--
-- Dumping data for table `produit`
--

LOCK TABLES `produit` WRITE;
/*!40000 ALTER TABLE `produit` DISABLE KEYS */;
INSERT INTO `produit` VALUES (1,2,5,409.99,'AMD RYZEN 7 2700X 8-Core 3.7 GHz (4.3 GHz Max Boost)','L\'AMD Ryzen 7 2700X Wraith Spire Edition (3.7 GHz) est la nouvelle génération de processeur haut de gamme d\'AMD : 8 coeurs et 16 threads, fréquence jusqu\'à 4.3 GHz, 16 Mo de cache L3 pour seulement 105W de TDP ! Il est accompagné de son système de refroidissement ultra-efficace et silencieux.','AMD RYZEN 7 2700X'),(2,3,5,304.99,'AMD RYZEN 7 2700 8-Core 3.2 GHz (4.1 GHz Max Boost)','L\'AMD Ryzen 7 2700 Wraith Spire Edition (3.3 GHz) est la nouvelle génération de processeur haut de gamme d\'AMD : 8 coeurs et 16 threads, fréquence jusqu\'à 4.1 GHz, 16 Mo de cache L3 et seulement 65W de TDP ! Il est accompagné de son système de refroidissement ultra-efficace et silencieux.','AMD RYZEN 7 2700'),(3,3,5,259.99,'AMD RYZEN 5 2600X 6-Core 3.6 GHz (4.2 GHz Max Boost)','L\'AMD Ryzen 5 2600X Wraith Spire Edition (3.6 GHz) est le nouveau processeur grand public d\'AMD : 6 coeurs et 12 threads, fréquence jusqu\'à 4.2 GHz, 16 Mo de cache L3 et seulement 95W de TDP ! Il est accompagné de son système de refroidissement ultra-efficace et silencieux AMD Wraith Spire.','AMD RYZEN 5 2600X'),(4,3,5,234.99,'AMD RYZEN 5 2600 6-Core 3.4 GHz (3.9 GHz Max Boost)','L\'AMD Ryzen 5 2600 Wraith Stealth Edition (3.4 GHz) est le nouveau processeur grand public d\'AMD : 6 coeurs et 12 threads, fréquence jusqu\'à 3.9 GHz, 16 Mo de cache L3 et seulement 65W de TDP ! Il est accompagné de son système de refroidissement ultra-efficace et silencieux AMD Wraith Stealth.','AMD RYZEN 5 2600'),(5,3,5,129.99,'AMD RYZEN 3 2200G Quad-Core 3.5 GHz (3.7 GHz Turbo) ','L\'AMD Ryzen 3 2200G Wraith Stealth Edition (3.5 GHz) est un processeur Quad-Core au coefficient multiplicateur débloqué pour faciliter l\'overclocking. Il embarque 4 coeurs \'Zen\' et un puissant chipset graphique Radeon Vega 8 coeurs idéal pour le Travail, les Jeux et le Multimédia.','AMD RYZEN 3 2200G'),(6,3,5,109.99,'AMD RYZEN 3 1200 4-Core 3.1 GHz (3.4 GHz Turbo) ','L\'AMD Ryzen 3 1200 est le nouveau processeur grand public d\'AMD : 4 coeurs et 4 threads, fréquence de 3.1 GHz, 8 Mo de cache L3 et seulement 65W de TDP ! Il vous permettra de doter votre machine d\'un processeur Quad-Core performant pour un rapport performances / prix incroyable.','AMD RYZEN 3 1200'),(7,2,5,519.99,'Intel Core i7-9700K Coffee Lake 8-Core 3.6 GHz (4.9 GHz Turbo)','Que vous soyez Gamer ou utilisateur ultra-exigeant, vous tirerez parti du meilleur de votre PC grâce au processeur Intel Core i7-9700K dôté de 8 Cores (8 Threads), de 12 Mo de cache de niveau 3 et de fréquences Turbo pouvant atteindre 4.9 GHz sans overclocking !','Intel Core i7-9700K'),(8,2,5,479.99,'Intel Core i7-8700K Coffee Lake 6-Core 3.7 GHz (4.7 GHz Turbo)','Le processeur Intel Core i7-8700K offre des performances de pointe grâce à sa fréquence native de 3.7 GHz (4.7 GHz en mode Turbo), ses 6 Coeurs et 12 threads, ses 12 Mo de cache et son BUS système 8GT/s. Vous pourrez jouer aux derniers jeux vidéo, regarder des films, créer et retoucher du contenu.','Intel Core i7-8700K'),(9,2,5,339.99,'Intel Core i5-9600K Coffee Lake 6-Core 3.7 GHz (4.6 GHz Turbo)','Que vous soyez Gamer ou utilisateur ultra-exigeant, vous tirerez parti du meilleur de votre PC grâce au processeur Intel Core i5-9600K dôté de 6 Cores (6 Threads), de 9 Mo de cache de niveau 3 et de fréquences Turbo pouvant atteindre 4.6 GHz sans overclocking !','Intel Core i5-9600K'),(10,2,5,229.99,'Intel Core i5-9400F Coffee Lake 6-Core 2.9 GHz (4.10 GHz Turbo)','Le processeur Intel Core i5-9400F propose des performances de premier plan avec ses 6 coeurs et sa fréquence native de 2.9 GHz qui grimpe à 4.1 GHz en mode Turbo. Dépourvu de contrôleur graphique intégré, ce Core i5 Coffee Lake Refresh sera idéal pour les gamers avec une carte graphique dédiée.','Intel Core i5-9400F'),(11,2,5,199.99,'Intel Core i3-8100 Coffee Lake Quad-Core 3.6 GHz LGA 1151 (300 Series)','Le processeur Intel Core i3-8100 offre des performances de pointe grâce à sa fréquence native de 3.6 GHz, ses 4 Coeurs et 4 threads, ses 6 Mo de cache et son BUS système 8GT/s. Vous pourrez jouer aux derniers jeux vidéo, regarder des films, créer et retoucher du contenu.','Intel Core i3-8100'),(12,2,5,249.99,'Intel Core i3-8350K Coffee Lake Quad-Core 4.0 GHz LGA 1151 (300 Series)','Le processeur Intel Core i3-8350K offre des performances de pointe grâce à sa fréquence native de 4.0 GHz, ses 4 Coeurs et 4 threads, ses 8 Mo de cache et son BUS système 8GT/s. Vous pourrez jouer aux derniers jeux vidéo, regarder des films, créer et retoucher du contenu.','Intel Core i3-8350K'),(13,6,1,169.31,'ASUS ROG STRIX B450-F GAMING AM4 AMD B450 SATA ','ROG STRIX B450-F GAMING – Carte mère gaming AMD AM4 B450 au format ATX avec DDR4 3 200 MHz, SATA 6 Gb/s, HDMI 2.0, Dual NVMe M.2, USB 3.1 Gen 2 et éclairage LED Aura Sync RGB','ASUS ROG STRIX B450-F'),(14,6,1,190.37,'ASUS Prime X470-Pro AM4 AMD X470','Prête à accueillir les nouveaux processeurs AMD Ryzen, la carte mère ASUS PRIME X470-PRO est idéale pour concevoir un PC Gaming dernière génération performant. Grâce au support des processeurs AMD Ryzen sur socket AMD AM4, à la prise en charge de la mémoire vive DDR4, des cartes graphiques PCI-Express 3.0, des disques SATA 6Gb/s et M.2 (SATA et PCI-E), la carte mère ASUS PRIME X470-PRO est à la pointe de la technologie.','ASUS Prime X470-Pro'),(15,1,1,177.2,'MSI PERFORMANCE GAMING X470 GAMING PLUS AM4 AMD X470 ','Basée sur le chipset AMD X470, la carte mère MSI X470 Gaming Plus est conçue pour accueillir les processeurs de dernière génération AMD Ryzen sur socket AMD AM4. Elle permettra l\'assemblage d\'une configuration Gaming basée sur la dernière innovation AMD en matière de puces et de composants. Elle bénéficie en outre de la qualité de fabrication MSI ainsi que des dernières innovations technologiques de la marque en matière de logiciels et d\'utilitaires. Grâce au support des cartes graphiques PCI-Express 3.0 16x, des disques SATA 6Gb/s, de la mémoire vive DDR4 et de la norme USB 3.1, cette carte mère à la pointe de la technologie est idéale pour les amateurs de jeux vidéo et de Réalité Virtuelle.','MSI PERFORMANCE GAMING X470'),(16,1,1,139.99,'MSI PERFORMANCE GAMING B450 GAMING PLUS AM4 AMD B450','La carte mère MSI B450 Gaming Plus fait partie de la gamme Performance Gaming qui regroupe des cartes mères gaming couplant une excellente qualité de finition à des performances indispensables aux gamers.. Elles disposent également  de nombreuses fonctionnalités pensées pour améliorer vos sessions de gaming et embarque la technologie MSI Mysthic Light. Compatible avec les processeurs AMD Ryzen sur socket AMD AM4 (Pinnacle Ridge, Raven Ridge & Summit Ridge), elle prend en charge de la mémoire vive DDR4, des cartes graphiques PCI-Express 3.0 ou encore des disques SATA 6Gb/s et M.2 (SATA et PCIe).','MSI PERFORMANCE GAMING B450'),(17,5,1,94.99,'GIGABYTE B450M DS3H AM4 AMD B450 SATA','Dotée du chipset AMD B450 , la carte mère Gigabyte B450M-DS3H sera la pierre angulaire d\'une configuration Gamer de dernière génération ! Compatible avec les processeurs AMD Ryzen sur socket AMD AM4, elle prend en charge de la mémoire vive DDR4, des cartes graphiques PCI-Express 3.0 ou encore des disques SATA 6Gb/s et M.2 PCIe-NVMe. La carte mère Gigabyte B450M-DS3H bénéficie par ailleurs  de la qualité de fabrication Ultra Durable et des dernières innovations technologiques de la marque en matière de logiciels et d’utilitaires. Elle est de plus munie d\'un connecteur LED RGB compatible avec la solution maison RGB Fusion.','GIGABYTE B450M'),(18,5,1,154.99,'GIGABYTE B450 AORUS PRO WIFI (rev. 1.0) AM4 AMD B450','Dotée du chipset AMD B450 , la carte mère Gigabyte B450 AORUS PRO sera la pierre angulaire d\'une configuration Gamer de dernière génération ! Compatible avec les processeurs AMD Ryzen sur socket AMD AM4, elle prend en charge de la mémoire vive DDR4, des cartes graphiques PCI-Express 3.0 ou encore des disques SATA 6Gb/s et M.2 PCIe-NVMe. La carte mère Gigabyte B450 AORUS PRO bénéficie par ailleurs  de la qualité de fabrication Ultra Durable et des dernières innovations technologiques de la marque en matière de logiciels et d’utilitaires. Elle est de plus munie d\'un connecteur LED RGB compatible avec la solution maison RGB Fusion.','GIGABYTE B450 AORUS'),(19,1,1,119.99,'MSI ARSENAL GAMING B450M BAZOOKA V2 AM4 AMD B450','La carte mère MSI B450M Bazooka V2 fait partie de la gamme Arsenal Gaming qui regroupe des cartes mères gaming arborant un look agressif grâce à de larges radiateurs et un rétroéclairage LED qui leur assurent d’être parées à tous les combats. Elles disposent également  de nombreuses fonctionnalités pensées pour améliorer votre jeu et embarque la technologie MSI Mysthic Light. Compatible avec les processeurs AMD Ryzen sur socket AMD AM4 (Pinnacle Ridge, Raven Ridge & Summit Ridge), elle prend en charge de la mémoire vive DDR4, des cartes graphiques PCI-Express 3.0 ou encore des disques SATA 6Gb/s et M.2 (SATA et PCIe).','MSI ARSENAL GAMING B450M'),(20,5,1,249.99,'GIGABYTE GA-AB350-GAMING 3 (rev. 1.0) AM4 AMD B350','Dotée du nouveau processeur AMD Ryzen, la carte mère Gigabyte GA-AB350-GAMING 3 sera parfaite pour une configuration Gamer de dernière génération aux performances optimales ! Compatible avec les processeurs AMD Ryzen sur socket AMD AM4, elle prend en charge de la mémoire vive DDR4, des cartes graphiques PCI-Express 3.0 ou encore des disques SATA 6Gb/s et M.2 (SATA et PCI-E). La carte mère Gigabyte GA-AB350-GAMING 3 bénéficie en prime de la qualité de fabrication Ultra Durable et des dernières innovations technologiques de la marque en matière de logiciels et d’utilitaires.','GIGABYTE GA-AB350'),(21,6,1,204.99,'ASUS ROG STRIX B450-I GAMING AM4 AMD B450','Prête à accueillir les processeurs AMD Ryzen, la carte mère ASUS STRIX B450-I GAMING est idéale pour concevoir un PC dernière génération performant et capable de tout faire : Multimédia, bureautique et même Jeux vidéo ! Grâce au support des processeurs AMD Ryzen sur socket AMD AM4, à la prise en charge de la mémoire vive DDR4, des cartes graphiques PCI-Express 3.0, des disques SATA 6Gb/s et M.2 (SATA et PCI-E), la carte mère ASUS B450-I GAMING est à la pointe de la technologie.','ASUS ROG STRIX B450-I'),(22,1,1,249.99,'MSI MPG Z390 GAMING PRO CARBON AC LGA 1151 (300 Series) Intel Z390 HDMI','La carte mère MSI MPG Z390 GAMING PRO CARBON AC prend en charge les derniers processeurs Intel Core de 9ème génération (Intel Coffee Lake Refresh) pour l’assemblage d’une configuration Gaming de haut vol. Basée sur le chipset Intel Z390 Express, cette carte mère bénéficie de la qualité de fabrication MSI ainsi que des dernières innovations technologiques de la marque en matière de logiciels et d’utilitaires. Grâce au support des cartes graphiques PCI-Express 3.0 16x, des disques SATA 6Gb/s, de la mémoire vive DDR4, cette carte mère à la pointe de la technologie est idéale pour les amateurs de jeux vidéo et de Réalité Virtuelle.','MSI MPG Z390'),(23,2,1,249.99,'ASUS ROG Maximus XI Hero (Wi-Fi) Z390 Gaming Motherboard LGA1151','La carte mère ASUS MAXIMUS XI GENE est conçue pour accueillir les processeurs Intel Core de 9ème génération (Intel Coffee Lake Refresh). Basée sur le chipset Intel Z390 Express, elle permettra l\'assemblage d\'une configuration Gaming équipée d\'un processeur performant et dotée de fonctionnalités exclusives ASUS. Grâce au support des cartes graphiques PCI-Express 3.0 16x, des disques SATA 6Gb/s, de la mémoire vive DDR4 et de la norme USB 3.1, cette carte mère à la pointe de la technologie est idéale pour les amateurs de jeux vidéo et de Réalité Virtuelle.','ASUS ROG Maximus Z390'),(24,11,2,154.99,'G.SKILL TridentZ RGB Series 16GB (2 x 8GB) 288-Pin DDR4 SDRAM DDR4 3200 (PC4 25600) Desktop Memory Model F4-3200C16D-16GTZR','La nouvelle gamme G.Skill Trindent Z RGB propose des solutions ultra performantes avec des LEDS intégrées pour des configurations très haut de gamme. Ces kits optimiseront les plateformes de nouvelle génération et constituent une solution idéale pour faire de l’overclocking. Ces kits proposent des fréquences incroyables, entre 2400 MHz et 4000 MHz, pour des tensions entre 1.2 et 1.35V avec des kits allant jusqu’à 64 Go. Avec leur design coloré et racé à la fois, donnez à votre machine le look de vos rêves. Ces modules de mémoire proposent un design gamer ou vous pourrez sélectionner la couleur pour mettre en valeur votre machine.','G.SKILL TridentZ RGB Series 16GB'),(25,11,2,102.99,'G.SKILL Ripjaws V Series 16GB (2 x 8GB) 288-Pin DDR4 SDRAM DDR4 2400 (PC4 19200) Desktop Memory Model F4-2400C15D-16GVR','La nouvelle gamme G.Skill RipJaws 5 propose des solutions aux performances incroyables. Ces kits optimiseront les performances des plateformes de nouvelle génération, avec en prime, un fort potentiel d\'overclocking. Avec des tensions nominales de 1.2V ou 1.35V (selon modèles), les mémoires PC G.Skill RipJaws 5 Series sont optimisées pour les plateformes Intel les plus récentes et assurent la compatibilité avec celles à venir.','G.SKILL Ripjaws V Series 16GB'),(26,11,2,219.99,'G.SKILL Ripjaws V Series 32GB (2 x 16GB) 288-Pin DDR4 SDRAM DDR4 3200 (PC4 25600) Desktop Memory Model F4-3200C16D-32GVK','Avec la nouvelle gamme de mémoires PC haut de gamme RipJaws SO-DIMM, G.Skill propose des solutions ultra-rapides avec une fiabilité totale pour profiter pleinement des processeurs de 6e génération de vos ordinateurs portables. L\'overclocking automatique des G.Skill RipJaws Series SO-DIMM  assure des vitesses à couper le souffle. Ces mémoires sont conçues pour dépasser les normes industrielles afin d\'assurer une compatibilité maximale avec pratiquement tous les ordinateurs Intel de 6e génération.','G.SKILL Ripjaws V Series 32GB'),(27,11,2,95.99,'G.SKILL Ripjaws X Series 16GB (2 x 8GB) 240-Pin DDR3 SDRAM DDR3 1600 (PC3 12800) Desktop Memory Model F3-1600C9D-16GXM','La nouvelle gamme G.Skill RipJaws 5 propose des solutions aux performances incroyables. Ces kits optimiseront les performances des plateformes de nouvelle génération, avec en prime, un fort potentiel d\'overclocking. Avec des tensions nominales de 1.2V ou 1.35V (selon modèles), les mémoires PC G.Skill RipJaws 5 Series  sont optimisées pour les plateformes Intel ou AMD les plus récentes et assurent la compatibilité avec celles à venir.','G.SKILL Ripjaws X Series 16GB'),(28,11,2,121.99,'G.SKILL Ripjaws V Series 16GB (2 x 8GB) 288-Pin DDR4 SDRAM DDR4 3200 (PC4 25600) Desktop Memory Model F4-3200C16D-16GVGB','Avec la nouvelle gamme de mémoires PC haut de gamme RipJaws SO-DIMM, G.Skill propose des solutions ultra-rapides avec une fiabilité totale pour profiter pleinement des processeurs de 6e génération de vos ordinateurs portables. L\'overclocking automatique des G.Skill RipJaws Series SO-DIMM  assure des vitesses à couper le souffle. Ces mémoires sont conçues pour dépasser les normes industrielles afin d\'assurer une compatibilité maximale avec pratiquement tous les ordinateurs Intel de 6e génération.','G.SKILL Ripjaws V Series 16GB'),(29,10,2,122.99,'CORSAIR Vengeance LPX 16GB (2 x 8GB) 288-Pin DDR4 SDRAM DDR4 3000 (PC4 24000) Memory Kit Model CMK16GX4M2B3000C15','Avec la nouvelle gamme de mémoires PC haut de gamme Vengeance LPX Series, Corsair propose des solutions stables et performantes pour les plateformes nouvelle génération avec en prime un fort potentiel d\'overclocking. Avec des tensions nominales de 1.2V les mémoires PC Vengeance LPX Series sont optimisées pour les plateformes Intel ou AMD les plus récentes et assurent la compatibilité avec celles à venir.','CORSAIR Vengeance LPX 16GB'),(30,10,2,125.99,'CORSAIR Vengeance LPX 16GB (2 x 8GB) 288-Pin DDR4 SDRAM DDR4 3000 (PC4 24000) Desktop Memory Model CMK16GX4M2B3000C15W','Avec la nouvelle gamme de mémoires PC haut de gamme Vengeance LPX Series, Corsair propose des solutions stables et performantes pour les plateformes nouvelle génération avec en prime un fort potentiel d\'overclocking. Avec des tensions nominales de 1.2V les mémoires PC Vengeance LPX Series sont optimisées pour les plateformes Intel ou AMD les plus récentes et assurent la compatibilité avec celles à venir.','CORSAIR Vengeance LPX 16GB'),(31,10,2,154.99,'CORSAIR Vengeance RGB Pro 16GB (2 x 8GB) 288-Pin DDR4 DRAM DDR4 3200 (PC4 25600) Desktop Memory Model CMW16GX4M2C3200C16','Les mémoires PC haut de gamme Vengeance RGB PRO Series de Corsair proposent les meilleures performances et stabilité pour les plateformes nouvelle génération avec un fort potentiel d\'overclocking. Elles vous offrent également un éclairage RGB multizone dynamique hypnotisant contrôlé directement depuis le logiciel Corsair iCUE. Les mémoires PC Vengeance RGB PRO Series sont optimisées pour les plateformes Intel X299.','CORSAIR Vengeance RGB Pro 16GB'),(32,10,2,155.99,'CORSAIR Vengeance RGB Pro 16GB (2 x 8GB) 288-Pin DDR4 DRAM DDR4 3200 (PC4 25600) Desktop Memory Model CMW16GX4M2C3200C16W','Les mémoires PC haut de gamme Vengeance RGB PRO Series de Corsair proposent les meilleures performances et stabilité pour les plateformes nouvelle génération avec un fort potentiel d\'overclocking. Elles vous offrent également un éclairage RGB multizone dynamique hypnotisant contrôlé directement depuis le logiciel Corsair iCUE. Les mémoires PC Vengeance RGB PRO Series sont optimisées pour les plateformes Intel X299.','CORSAIR Vengeance RGB Pro 16GB'),(33,10,2,121.99,'CORSAIR Vengeance LPX 16GB (2 x 8GB) 288-Pin DDR4 SDRAM DDR4 3000 (PC4 24000) Desktop Memory Model CMK16GX4M2B3000C15R','Avec la nouvelle gamme de mémoires PC haut de gamme Vengeance LPX Series, Corsair propose des solutions stables et performantes pour les plateformes nouvelle génération avec en prime un fort potentiel d\'overclocking. Avec des tensions nominales de 1.2V les mémoires PC Vengeance LPX Series sont optimisées pour les plateformes Intel ou AMD les plus récentes et assurent la compatibilité avec celles à venir.','CORSAIR Vengeance LPX 16GB'),(34,1,4,219.99,'MSI Radeon RX 570 DirectX 12 RX 570 ARMOR 8G OC 8GB 256-Bit GDDR5 PCI Express x16 HDCP Ready CrossFireX Support ATX Video Card','La carte graphique AMD Radeon RX 570 vous permettra de profiter des derniers Hits PC de manière fluide. Grâce aux utilitaires Radeon, vous pilotez littéralement votre carte, vous maitrisez votre matériel pour obtenir des résultats prodigieux ! Abordable et performante, la MSI Radeon RX 570 ARMOR 4G OC promet de rendre accessibles les dernières technologies de jeux au plus grand nombre. La 5ème génération de l\'architecture GCN voit les choses en grand et ne propose rien de moins que : la Réalité Virtuelle pour tous, le support de DirectX 12 et Vulkan, ainsi que les technologies d\'affichage AMD FreeSync et HDR (High Dynamic Range). Grâce à cette carte graphique gaming AMD, vous pourrez jouer en ultra-résolution avec une qualité d\'image parfaite et fluide, et grâce à la Réalité Virtuelle, l\'immersion au coeur de l\'action sera totale ! ','MSI Radeon RX 570'),(35,1,4,389.99,'MSI GeForce GTX 1660 Ti DirectX 12 GTX 1660 TI VENTUS XS 6G OC 6GB 192-Bit GDDR6 PCI Express 3.0 x16 HDCP Ready Video Card','La carte graphique MSI GeForce RTX 1660 Ti VENTUS XS 6G OC est basée sur l\'architecture GPU NVIDIA Turing qui est aussi embarquée sur les cartes de série RTX. Destinée aux joueurs à la recherche d\'un excellent compromis performances/prix, cette carte graphique gaming embarque le processeur graphique NVIDIA TU116 accompagné de 6 Go de VRAM GDDR6, une interface mémoire 192 bits et 1536 processeurs de flux (Cores CUDA). De quoi permettre des performances en jeu et un rendu graphique à couper le souffle. Les derniers jeux PC et ceux à venir bénéficieront de graphismes léchés tout en offrant une excellente fluidité.','MSI GeForce GTX 1660 Ti'),(36,1,4,309.99,'MSI Radeon RX 580 DirectX 12 RX 580 ARMOR MK2 8G OC 8GB 256-Bit GDDR5 PCI Express x16 HDCP Ready CrossFireX Support Video Card','La carte graphique AMD Radeon RX 580 ambitionne de vous propulser dans l\'univers Gaming Hautes Performances. Grâce aux utilitaires Radeon, vous pilotez littéralement votre carte, vous maitrisez votre matériel pour obtenir des résultats prodigieux ! Abordable et performante, la MSI Radeon RX 580 ARMOR 8G OC promet de rendre accessibles les dernières technologies de jeux au plus grand nombre. La 5ème génération de l\'architecture GCN voit les choses en grand et ne propose rien de moins que : la Réalité Virtuelle pour tous, le support de DirectX 12 et Vulkan, ainsi que les technologies d\'affichage AMD FreeSync et HDR (High Dynamic Range). Grâce à cette carte graphique gaming AMD, vous pourrez jouer en ultra-résolution avec une qualité d\'image parfaite et fluide, et grâce à la Réalité Virtuelle, l\'immersion au coeur de l\'action sera totale ! ','MSI Radeon RX 580'),(37,1,4,154.99,'MSI GeForce RTX 2070 DirectX 12 RTX 2070 GAMING 8G 8GB 256-Bit GDDR6 PCI Express 3.0 x16 HDCP Ready Video Card','La carte graphique MSI GeForce RTX 2070 ARMOR 8G est basée sur l\'architecture de pointe NVIDIA Turing. Des graphismes ultra-réalistes, une VR ultra-immersive, et des performances gaming à couper le souffle pour profiter du meilleur des jeux vidéo d\'aujourd\'hui et de demain. Destinée aux joueurs les plus exigeants, cette carte graphique gaming haut de gamme embarque le nouveau processeur graphique NVIDIA TU106, 8 Go de VRAM GDDR6, une interface mémoire 256 bits et 2304 Cores CUDA pour des performances de jeu et un rendu graphique exceptionnels. Les derniers jeux PC et ceux à venir bénéficieront de la puissance exceptionnelle de cette bête de compétition. En d\'autres termes, l\'avenir (des joueurs) commence ici !','MSI GeForce RTX 2070'),(38,5,4,379,'GIGABYTE GeForce GTX 1660 Ti OC 6G Graphics Card, 2 x WINDFORCE Fans, 6GB 192-Bit GDDR6, GV-N166TOC-6GD Video Card','La carte graphique Gigabyte AORUS GeForce GTX 1660 Ti 6G est basée sur l\'architecture GPU NVIDIA Turing qui est aussi embarquée sur les cartes de série RTX. Destinée aux joueurs à la recherche d\'un excellent compromis performances/prix, cette carte graphique gaming embarque le processeur graphique NVIDIA TU116 accompagné de 6 Go de VRAM GDDR6, une interface mémoire 192 bits et 1536 processeurs de flux (Cores CUDA). De quoi permettre des performances en jeu et un rendu graphique à couper le souffle. Les derniers jeux PC et ceux à venir bénéficieront de graphismes léchés tout en offrant une excellente fluidité','GIGABYTE GeForce GTX 1660'),(39,5,4,509.99,'GIGABYTE GeForce RTX 2060 GAMING OC PRO 6G Graphics Card, 3 x WINDFORCE Fans, 6GB 192-Bit GDDR6, GV-N2060GAMINGOC PRO-6GD Video Card','La carte graphique Gigabyte GeForce RTX 2060 OC 6G est basée sur la nouvelle architecture GPU ultra-innovante NVIDIA Turing. Destinée aux joueurs exigeants, cette carte graphique gaming  embarque le nouveau processeur graphique NVIDIA TU106, 6 Go de VRAM GDDR6, une interface mémoire 192 bits et 1920 processeurs de flux (Cores CUDA) pour des performances de jeu et un rendu graphique à couper le souffle. Les derniers jeux PC et ceux à venir bénéficieront de la puissance exceptionnelle de cette bête de compétition. En d\'autres termes, l\'avenir (des joueurs) commence ici !','GIGABYTE GeForce RTX 2060'),(40,5,4,444.99,'GIGABYTE GeForce GTX 1070 DirectX 12 GV-N1070WF3-8GD 8GB 256-Bit GDDR5 PCI Express 3.0 x16 SLI Support ATX Video Card','La carte graphique Gigabyte GeForce GTX 1070 G1 Gaming vous offre plus de vitesse, de performances et de nouvelles technologies pour vous permettre de jouer comme jamais auparavant. Y compris pour la Réalité Virtuelle et le jeu en Ultra-Haute Définition.','GIGABYTE GeForce GTX 1070'),(41,6,4,669.99,'ASUS Dual GeForce RTX 2070 DirectX 12 DUAL-RTX2070-O8G 8GB 256-Bit GDDR6 PCI Express 3.0 HDCP Ready Video Card','La carte graphique ASUS GeForce RTX 2070 ROG STRIX RTX2070-O8G-GAMING est basée sur l\'architecture de pointe NVIDIA Turing. Des graphismes ultra-réalistes, une VR ultra-immersive et des performances gaming à couper le souffle pour profiter du meilleur des jeux vidéo d\'aujourd\'hui et de demain. Destinée aux joueurs les plus exigeants, cette carte graphique gaming haut de gamme embarque le nouveau processeur graphique NVIDIA TU106, 8 Go de VRAM GDDR6, une interface mémoire 256 bits et 2304 Cores CUDA pour des performances de jeu et un rendu graphique exceptionnels. Les derniers jeux PC et ceux à venir bénéficieront de la puissance exceptionnelle de cette bête de compétition. En d\'autres termes, l\'avenir (des joueurs) commence ici ','ASUS Dual GeForce RTX 2070'),(42,6,4,319.99,'ASUS Expedition GeForce GTX 1060 EX-GTX1060-O6G 6GB 192-Bit GDDR5 PCI Express 3.0 HDCP Ready Video Card','La carte graphique ASUS PH-GTX1060-6G - GeForce GTX 1060 met la VR (Réalité Virtuelle) et les dernières technologies de jeux à la portée de tous. C\'est LA carte graphique Gaming au rapport Performances/Prix imbattable basée sur l\'architecture NVIDIA Pascal. Plus abordable que ses grandes soeurs GeForce GTX 1070 et 1080 tout en offrant un niveau de performance très élevé, la carte graphique NVIDIA GeForce GTX 1060 a pour objectif de démocratiser la Réalité Virtuelle et les nouvelles technologies de jeux proposées par l\'architecture NVIDIA Pascal.','ASUS Expedition GeForce GTX 1060'),(43,6,4,559.99,'ASUS ROG STRIX GeForce RTX 2060 DirectX 12 ROG-STRIX-RTX2060-O6G-GAMING 6GB 192-Bit GDDR6 PCI Express 3.0 HDCP Ready Video Card','La carte graphique ASUS GeForce RTX 2060 ROG STRIX RTX2060-O6G-GAMING est basée sur l\'architecture de pointe NVIDIA Turing. Des graphismes ultra-réalistes, une VR ultra-immersive, et des performances gaming à couper le souffle pour profiter du meilleur des jeux vidéo d\'aujourd\'hui et de demain. Destinée aux joueurs les plus exigeants, cette carte graphique gaming embarque le nouveau processeur graphique NVIDIA TU106, 6 Go de VRAM GDDR6, une interface mémoire 192 bits et 1920 Cores CUDA pour des performances de jeu exceptionnelles et un rendu graphique magnifique. Les derniers jeux PC et ceux à venir bénéficieront de la puissance exceptionnelle de cette bête de compétition. En d\'autres termes, l\'avenir (des joueurs) commence ici !','ASUS ROG STRIX GeForce RTX 2060'),(44,13,7,49.99,'Seagate BarraCuda ST1000DM010 1TB 7200 RPM 64MB Cache SATA 6.0Gb/s 3.5\" Hard Drive Bare Drive - OEM','Optez pour une grande capacité de stockage avec le disque dur Seagate BarraCuda 1 To. Cette gamme domine le marché en proposant les meilleures capacités pour les ordinateurs de bureau et périphériques mobiles. Ces disques conviennent parfaitement aux mises à niveau et à tous les budgets.','Seagate BarraCuda 1TB'),(45,13,7,124.99,'Seagate FireCuda Gaming SSHD 2TB 7200 RPM 64MB Cache SATA 6.0Gb/s 3.5\" Internal Hard Drive ST2000DX002','Vous détestez attendre que votre application ou votre jeu se charge ? FireCuda combine la technologie SSD à un disque dur traditionnel pour obtenir des performances similaires à celles d\'un disque SSD, tout en proposant des capacités caractéristiques des disques standard. Il convient parfaitement aux joueurs, pros de la création et férus d\'informatique souhaitant réaliser une mise à niveau.','Seagate FireCuda 2TB'),(46,13,7,98.89,'Seagate BarraCuda ST3000DM008 3TB 7200 RPM 64MB Cache SATA 6.0Gb/s 3.5\" Hard Drive Bare Drive','Optez pour une grande capacité de stockage avec le disque dur Seagate BarraCuda 3 To. Cette gamme domine le marché en proposant les meilleures capacités pour les ordinateurs de bureau et périphériques mobiles. Ces disques conviennent parfaitement aux mises à niveau et à tous les budgets.','Seagate BarraCuda 3TB'),(47,13,7,113.89,'Seagate BarraCuda ST4000DM004 4TB 5400 RPM 256MB Cache SATA 6.0Gb/s 3.5\" Hard Drives Bare Drive - OEM','Optez pour une grande capacité de stockage avec le disque dur Seagate BarraCuda 4 To. Cette gamme domine le marché en proposant les meilleures capacités pour les ordinateurs de bureau et périphériques mobiles. Ces disques conviennent parfaitement aux mises à niveau et à tous les budgets.','Seagate BarraCuda 4TB'),(48,13,7,159.99,'Seagate IronWolf 4TB NAS Hard Drive 5900 RPM 64MB Cache SATA 6.0Gb/s 3.5\" Internal Hard Drive ST4000VN008','Que vous soyez particuliers ou professionnels créatifs, pour une utilisation au bureau ou à domicile, le disque dur pour NAS Seagate IronWolf 4 To est la solution de stockage qu\'il vous faut. Optimisé AgileArray pour les solutions NAS et adapté à un usage NAS 1 à 8 baies, le disque dur interne Seagate IronWolf vous permettra de développer votre activité, d\'être encore plus créatifs, de jouer d\'avantage et d\'explorer toutes les possibilités offertes par les nouveaux médias. IronWolf est conçu pour tous les NAS. Découvrez des disques robustes, évolutifs et performants 24h/24 et 7j/7, capables de supporter la charge de travail des environnements multi-utilisateurs et qui se déclinent dans une vaste gamme de capacités. Seagate IronWolf c\'est la puissance de l’agilité au service des systèmes NAS pour particuliers, bureaux à domicile, TPE et PME :','Seagate IronWolf 4TB'),(49,12,7,49.99,'WD Blue 1TB Desktop Hard Disk Drive - 7200 RPM SATA 6Gb/s 64MB Cache 3.5 Inch - WD10EZEX - OEM','Des performances, de la fiabilité, une grande capacité de stockage et la nouvelle interface Serial ATA 6 Gb/s sont les atouts de ce disque dur Western Digital Caviar Blue 1 To.','WD Blue 1TB'),(50,12,7,219.99,'WD Red 4TB NAS Hard Disk Drive - 5400 RPM Class SATA 6Gb/s 64MB Cache 3.5 Inch - WD40EFRX','Spécifiquement conçus pour les systèmes NAS de 1 à 8 baies, les disques durs Western Digital Red sont faits pour tourner 24h/24 et 7j/7, et destinés aux particuliers et aux petites structures de travail. Ces disques durs au format 3.5\' sont construits autour de 64 à 256 Mo de cache  sur un bus SATA III. Leur compatibilité est assurée avec la plupart des serveurs NAS de grandes marques .','WD Red 4TB'),(51,9,6,104.99,'SAMSUNG 860 EVO Series 2.5\" 500GB SATA III V-NAND 3-bit MLC Internal Solid State Drive (SSD) MZ-76E500B/AM','Le disque SSD Samsung 860 EVO est conçu pour un usage quotidien. Vous n\'aurez plus à choisir entre performances et fiabilité et pourrez utiliser votre PC dans les meilleures conditions grâce à l\'association de la mémoire V-NAND 3D Samsung et du contrôleur Samsung MJX. Le SSD 860 EVO offre de meilleures performances de lecture et d’écriture, même en multitâche. Le 860 EVO peut délivrer des vitesses d’écriture jusqu\'à 520 Mo/s grâce à la technologie intelligente TurboWrite, et des vitesses de lecture jusqu\'à 550 Mo/s.','SAMSUNG 860 EVO Series 2.5 500GB'),(52,9,6,229.99,'SAMSUNG 970 PRO M.2 2280 512GB PCIe Gen3. X4, NVMe 1.3 64L V-NAND 2-bit MLC Internal Solid State Drive (SSD) MZ-V7P512BW','Le disque SSD 970 PRO de Samsung vous permet d\'accéder à des performances de nouvelle génération. Plus fiable et plus rapide que les SSD des générations précédentes, le Samsung 970 PRO M.2 2280 s\'appuie sur l\'interface PCI-E 3.0 x4 ainsi que sur la technologie NVMe 1.3. Il est en outre équipé d\'une mémoire MLC (Samsung V-NAND 2-bit MLC), d\'un contrôleur Samsung Phoenix et de 512 Mo de mémoire cache DDR4-SDRAM.','SAMSUNG 970 PRO M.2 2280 512GB'),(53,9,6,119.99,'SAMSUNG 860 Pro Series 2.5\" 256GB SATA III V-NAND 2-bit MLC Internal Solid State Drive (SSD) MZ-76P256BW','Le disque SSD Samsung 860 PRO est conçu pour un usage intensif. Vous n\'aurez plus à choisir entre performances et fiabilité et pourrez utiliser votre PC dans les meilleures conditions. Découvrez la fiabilité du numéro 1 du secteur avec le 860 PRO. Alimenté par la technologie V-NAND et un contrôleur basé sur un algorithme solide, le SSD 860 PRO est spécialement conçu pour supporter les lourdes charges de travail que peuvent connaître les ordinateurs haut de gamme, les postes de travail et les NAS (serveur de stockage en réseau). Il assure une expérience durable aux gamers, aux informaticiens et aux créateurs de contenus.','SAMSUNG 860 Pro Series 2.5 256GB'),(54,13,6,229.99,'SAMSUNG 860 EVO Series M.2 2280 1TB SATA III V-NAND 3-bit MLC Internal Solid State Drive (SSD) MZ-N6E1T0BW','Le disque SSD Samsung 860 EVO M.2 2280 est conçu pour un usage quotidien. Vous n\'aurez plus à choisir entre performances et fiabilité et pourrez utiliser votre PC dans les meilleures conditions grâce à l\'association de la mémoire V-NAND 3D Samsung et du contrôleur Samsung MJX. Le SSD 860 EVO offre de meilleures performances de lecture et d’écriture, même en multitâche. Le 860 EVO peut délivrer des vitesses d’écriture jusqu\'à 520 Mo/s grâce à la technologie intelligente TurboWrite, et des vitesses de lecture jusqu\'à 550 Mo/s.','SAMSUNG 860 EVO Series M.2 1TB'),(55,12,6,149.99,'WD Blue 3D NAND 1TB Internal SSD - SATA III 6Gb/s M.2 2280 Solid State Drive - WDS100T2B0B','Le SSD Crucial P1 1 To vous offre une grande capacité de stockage associé à la technologie NVMe PCIe pour transformer votre PC en machine ultra rapide. Avec des vitesses de lecture et d\'écriture jusqu\'à 2000 Mo/s et 1750 Mo/s, vous n\'aurez jamais à attendre. Que ce soit lors du démarrage de votre ordinateur, lors de transfert de fichiers ou lors d\'utilisations de logiciel, jamais votre ordinateur ne vous aura paru aussi rapide.','WD Blue 3D NAND 1TB'),(56,12,6,87.99,'WD Blue 3D NAND 500GB Internal SSD - SATA III 6Gb/s 2.5\"/7mm Solid State Drive - WDS500G2B0A','Le SSD Crucial P1 1 To vous offre une grande capacité de stockage associé à la technologie NVMe PCIe pour transformer votre PC en machine ultra rapide. Avec des vitesses de lecture et d\'écriture jusqu\'à 2000 Mo/s et 1750 Mo/s, vous n\'aurez jamais à attendre. Que ce soit lors du démarrage de votre ordinateur, lors de transfert de fichiers ou lors d\'utilisations de logiciel, jamais votre ordinateur ne vous aura paru aussi rapide.','WD Blue 3D NAND 500GB'),(57,10,8,109.99,'Corsair Carbide Series SPEC-06 RGB CC-9011147-WW White Steel / Plastic / Tempered Glass ATX Mid Tower Computer Case','Le Boitier moyen tour CORSAIR Carbide SPEC-06 RGB est conçu pour accueillir une configuration ATX, Micro ATX ou Mini-ITX. Il possède 7 slots d’extension et peut recevoir une carte graphique de 370 mm de long. Avec son style sobre et classe, ce boitier possède une fenêtre latérale en verre trempé qui vous permettra d\'admirer votre configuration. Avec ses nombreux emplacements de ventilateurs et sa compatibilité avec le refroidissement liquide, vous pourrez compter sur lui pour refroidir vos composants avec efficacité.','Corsair Carbide Series SPEC-06 RGB'),(58,10,8,104.99,'Corsair Carbide Series 200R Black Steel / Plastic Compact ATX Mid Tower Case','Ergonomique et fonctionnel, le Corsair Carbide 200R bénéficie de 3 baies en façade, de la connectique indispensable (2x USB 3.0, casque, micro), de 4 baies et de 4 baies Livré avec 2 ventilateurs de 120 mm, il offre une capacité de refroidissement efficace, tout en vous permettant de faire évoluer ses performances grâce aux 5 autres emplacements disponibles. Le Corsair Carbide 200R fournit une solution d\'intégration à la fois design et moderne pensée pour l\'utilisateur, il vous sera facile d\'intégrer vos composants et d\'assurer la maintenance de votre système.','Corsair Carbide Series 200R Black Steel'),(59,10,8,69.46,'Corsair Carbide SPEC-04 Black/Red Mid-Tower Gaming Case','Profitant d\'un look ravageur et audacieux, le Corsair SPEC-04 ne passera pas inaperçu. Son design anguleux, asymétrique et sa touche de couleur apporteront une apparence futuriste à votre PC. Grâce à un intérieur astucieusement conçu, et à sa porte vitrée, vous pourrez concevoir une configuration dernier cri que vous pourrez admirer.','Corsair Carbide SPEC-04'),(60,10,8,229.99,'CORSAIR Crystal 570X RGB Tempered Glass, Premium ATX Mid Tower Case, White','Le boîtier Corsair Crystal 570X RGB apporte un espace idéal pour tous vos composants informatiques. Avec ses 4 panneaux en verre trempé, il dispose d\'une visibilité maximum et d\'un esthétisme très affirmé. Profitez de 3 ventilateurs RGB pour un refroidissement efficace et une touche de couleur. Gérez les réglages lumineux directement depuis des boutons situés sur le dessus du boîtier. Vous pourrez également profiter d\'une gestion intelligente de l\'air froid, de 7 slots d\'extension et de 2 ports USB 3.0 situés sur le dessus. Moderne et élégant, le boîtier Crystal 570X RGB possède tous les arguments pour trôner fièrement sur ou sous votre bureau.','CORSAIR Crystal 570X RGB'),(61,10,8,89.99,'CORSAIR Carbide Series SPEC-DELTA RGB Tempered Glass Mid-Tower ATX Gaming Case, Black - CC-9011166-WW','Le Boitier moyen tour CORSAIR SPEC-DELTA RGB TG est conçu pour accueillir une configuration ATX, Micro ATX ou Mini-ITX. Il possède 7 slots d’extension et peut recevoir une carte graphique de 330 mm de long. Avec son design angulaire et audacieux, ce boitier possède une fenêtre latérale en verre trempé qui vous permettra d\'admirer votre configuration. Avec ses ventilateurs RGB en façade et sa compatibilité avec le refroidissement liquide, vous pourrez compter sur lui pour refroidir vos composants avec efficacité tout en bénéficiant d\'un rétroéclairage du plus bel effet.','CORSAIR Carbide Series SPEC-DELTA'),(62,6,8,209.99,'ASUS TUF Gaming GT501 Mid-Tower Computer Case for up to EATX Motherboards with USB 3.0 Front Panel, Smoked Tempered Glass','Build your battlestation with the TUF Gaming GT501 Case featuring seven drive bays, USB 3.0 front panel, vertical GPU support and magnetic dust filters. Stay cool in battle with numerous cooling options including room for seven 120mm fans, two 360mm radiators, or custom water cooling with pre-drilled mounting holes.','ASUS TUF Gaming GT501 Mid-Tower');
/*!40000 ALTER TABLE `produit` ENABLE KEYS */;
UNLOCK TABLES;

--
-- Table structure for table `vente`
--

DROP TABLE IF EXISTS `vente`;
/*!40101 SET @saved_cs_client     = @@character_set_client */;
 SET character_set_client = utf8mb4 ;
CREATE TABLE `vente` (
  `idVente` int(11) NOT NULL,
  `date` datetime NOT NULL,
  `idCompte` int(11) NOT NULL,
  PRIMARY KEY (`idVente`),
  KEY `idCompte_idx` (`idCompte`),
  CONSTRAINT `idCompte` FOREIGN KEY (`idCompte`) REFERENCES `compte` (`idCompte`)
) ENGINE=InnoDB DEFAULT CHARSET=utf8mb4 COLLATE=utf8mb4_0900_ai_ci;
/*!40101 SET character_set_client = @saved_cs_client */;

--
-- Dumping data for table `vente`
--

LOCK TABLES `vente` WRITE;
/*!40000 ALTER TABLE `vente` DISABLE KEYS */;
INSERT INTO `vente` VALUES (1,'2019-05-20 22:20:32',5),(2,'2019-05-21 14:35:34',6);
/*!40000 ALTER TABLE `vente` ENABLE KEYS */;
UNLOCK TABLES;
/*!40103 SET TIME_ZONE=@OLD_TIME_ZONE */;

/*!40101 SET SQL_MODE=@OLD_SQL_MODE */;
/*!40014 SET FOREIGN_KEY_CHECKS=@OLD_FOREIGN_KEY_CHECKS */;
/*!40014 SET UNIQUE_CHECKS=@OLD_UNIQUE_CHECKS */;
/*!40101 SET CHARACTER_SET_CLIENT=@OLD_CHARACTER_SET_CLIENT */;
/*!40101 SET CHARACTER_SET_RESULTS=@OLD_CHARACTER_SET_RESULTS */;
/*!40101 SET COLLATION_CONNECTION=@OLD_COLLATION_CONNECTION */;
/*!40111 SET SQL_NOTES=@OLD_SQL_NOTES */;

-- Dump completed on 2019-05-21 17:35:54
